{
  "swin2sr": {
    "psnr_mean": 22.411184565869515,
    "psnr_std": 9.006162840572728,
    "ssim_mean": 0.7618999907997559,
    "ssim_std": 0.22778927605106086,
    "n_images": 559,
    "time_mean": 0.10831966297784304,
    "time_std": 0.02633085182692962
  },
  "real_esrgan": {
    "psnr_mean": 23.66325616909256,
    "psnr_std": 4.475758837265704,
    "ssim_mean": 0.8462829349514995,
    "ssim_std": 0.07925245220773254,
    "n_images": 559,
    "time_mean": 0.6360241692906415,
    "time_std": 0.01695782894338767
  },
  "swin2sr_finetuned": {
    "psnr_mean": 37.03558115270533,
    "psnr_std": 2.6906721158579052,
    "ssim_mean": 0.9764265814680777,
    "ssim_std": 0.01310574149852675,
    "n_images": 559,
    "time_mean": 0.08167965510236982,
    "time_std": 0.02620413443287135
  }
}