{
  "model_sr": {
    "psnr": [
      14.237874826329211,
      14.80979658480409,
      14.665373024472757,
      14.466653949182156,
      14.624093663982089,
      14.598378837206614,
      14.427172714794697
    ],
    "ssim": [
      0.05310083753455136,
      0.06711595240197919,
      0.07050032009780667,
      0.046378067463819346,
      0.05732111050486214,
      0.05787241206164878,
      0.04493839151943719
    ],
    "per_subject": {
      "OAS1_0002_MR1": {
        "psnr": 14.237874826329211,
        "ssim": 0.05310083753455136
      },
      "OAS1_0007_MR1": {
        "psnr": 14.80979658480409,
        "ssim": 0.06711595240197919
      },
      "OAS1_0009_MR1": {
        "psnr": 14.665373024472757,
        "ssim": 0.07050032009780667
      },
      "OAS1_0010_MR1": {
        "psnr": 14.466653949182156,
        "ssim": 0.046378067463819346
      },
      "OAS1_0016_MR1": {
        "psnr": 14.624093663982089,
        "ssim": 0.05732111050486214
      },
      "OAS1_0017_MR1": {
        "psnr": 14.598378837206614,
        "ssim": 0.05787241206164878
      },
      "OAS1_0019_MR1": {
        "psnr": 14.427172714794697,
        "ssim": 0.04493839151943719
      }
    },
    "psnr_mean": 14.547049085824515,
    "psnr_std": 0.17239069337623483,
    "ssim_mean": 0.05674672736915781,
    "ssim_std": 0.008932425995845376,
    "n_subjects": 7
  },
  "trilinear": {
    "psnr": [
      33.098269044978025,
      34.474188809808325,
      33.87782951779242,
      32.333960776644666,
      32.88654764867095,
      32.91062407819286,
      32.152003115421984
    ],
    "ssim": [
      0.9470630428616212,
      0.945426245917045,
      0.9429834336094846,
      0.9402492776056133,
      0.9378742189404919,
      0.9331077059144666,
      0.9412316249080538
    ],
    "per_subject": {
      "OAS1_0002_MR1": {
        "psnr": 33.098269044978025,
        "ssim": 0.9470630428616212
      },
      "OAS1_0007_MR1": {
        "psnr": 34.474188809808325,
        "ssim": 0.945426245917045
      },
      "OAS1_0009_MR1": {
        "psnr": 33.87782951779242,
        "ssim": 0.9429834336094846
      },
      "OAS1_0010_MR1": {
        "psnr": 32.333960776644666,
        "ssim": 0.9402492776056133
      },
      "OAS1_0016_MR1": {
        "psnr": 32.88654764867095,
        "ssim": 0.9378742189404919
      },
      "OAS1_0017_MR1": {
        "psnr": 32.91062407819286,
        "ssim": 0.9331077059144666
      },
      "OAS1_0019_MR1": {
        "psnr": 32.152003115421984,
        "ssim": 0.9412316249080538
      }
    },
    "psnr_mean": 33.10477471307275,
    "psnr_std": 0.7615957294390961,
    "ssim_mean": 0.9411336499652537,
    "ssim_std": 0.004356229721850746,
    "n_subjects": 7
  }
}