{
  "model_sr": {
    "psnr": [
      32.58455001751375,
      34.67739593090299,
      34.29225613819403,
      31.944960763640395,
      33.04118681724831,
      33.15258896379184,
      31.883473695431498
    ],
    "ssim": [
      0.896450621897705,
      0.9398600514561648,
      0.9378969458131737,
      0.8955761295187732,
      0.9201056241467279,
      0.9268699516319014,
      0.8981573945515754
    ],
    "per_subject": {
      "OAS1_0002_MR1": {
        "psnr": 32.58455001751375,
        "ssim": 0.896450621897705
      },
      "OAS1_0007_MR1": {
        "psnr": 34.67739593090299,
        "ssim": 0.9398600514561648
      },
      "OAS1_0009_MR1": {
        "psnr": 34.29225613819403,
        "ssim": 0.9378969458131737
      },
      "OAS1_0010_MR1": {
        "psnr": 31.944960763640395,
        "ssim": 0.8955761295187732
      },
      "OAS1_0016_MR1": {
        "psnr": 33.04118681724831,
        "ssim": 0.9201056241467279
      },
      "OAS1_0017_MR1": {
        "psnr": 33.15258896379184,
        "ssim": 0.9268699516319014
      },
      "OAS1_0019_MR1": {
        "psnr": 31.883473695431498,
        "ssim": 0.8981573945515754
      }
    },
    "psnr_mean": 33.08234461810325,
    "psnr_std": 0.9995310182839064,
    "ssim_mean": 0.9164166741451459,
    "ssim_std": 0.01812750950885702,
    "n_subjects": 7
  },
  "trilinear": {
    "psnr": [
      33.098269044978025,
      34.474188809808325,
      33.87782951779242,
      32.333960776644666,
      32.88654764867095,
      32.91062407819286,
      32.152003115421984
    ],
    "ssim": [
      0.9470630428616212,
      0.945426245917045,
      0.9429834336094846,
      0.9402492776056133,
      0.9378742189404919,
      0.9331077059144666,
      0.9412316249080538
    ],
    "per_subject": {
      "OAS1_0002_MR1": {
        "psnr": 33.098269044978025,
        "ssim": 0.9470630428616212
      },
      "OAS1_0007_MR1": {
        "psnr": 34.474188809808325,
        "ssim": 0.945426245917045
      },
      "OAS1_0009_MR1": {
        "psnr": 33.87782951779242,
        "ssim": 0.9429834336094846
      },
      "OAS1_0010_MR1": {
        "psnr": 32.333960776644666,
        "ssim": 0.9402492776056133
      },
      "OAS1_0016_MR1": {
        "psnr": 32.88654764867095,
        "ssim": 0.9378742189404919
      },
      "OAS1_0017_MR1": {
        "psnr": 32.91062407819286,
        "ssim": 0.9331077059144666
      },
      "OAS1_0019_MR1": {
        "psnr": 32.152003115421984,
        "ssim": 0.9412316249080538
      }
    },
    "psnr_mean": 33.10477471307275,
    "psnr_std": 0.7615957294390961,
    "ssim_mean": 0.9411336499652537,
    "ssim_std": 0.004356229721850746,
    "n_subjects": 7
  }
}