{
  "swin2sr": {
    "psnr_mean": 15.397879636284047,
    "psnr_std": 3.5642501207811716,
    "ssim_mean": 0.6574488728777105,
    "ssim_std": 0.16886487708636286,
    "n_images": 559,
    "time_mean": 0.37423991048058797,
    "time_std": 0.09753901180100444
  },
  "real_esrgan": {
    "psnr_mean": 23.66325580667376,
    "psnr_std": 4.475758171911331,
    "ssim_mean": 0.8462829318774534,
    "ssim_std": 0.07925243576149621,
    "n_images": 559,
    "time_mean": 4.278908411803954,
    "time_std": 0.13617575560111309
  }
}